"","aine","kirjat","aine_kokonimi"
"1",1,"3","Englanti"
"2",1,"3","Englanti"
"3",1,"3","Englanti"
"4",1,"5","Englanti"
"5",1,"5","Englanti"
"6",1,"4","Englanti"
"7",1,"2","Englanti"
"8",1,"2","Englanti"
"9",1,"2","Englanti"
"10",1,"2","Englanti"
"11",1,"4","Englanti"
"12",1,"4","Englanti"
"13",1,"2","Englanti"
"14",1,"5","Englanti"
"15",1,"5","Englanti"
"16",1,"2","Englanti"
"17",1,"5","Englanti"
"18",1,"4","Englanti"
"19",1,"5","Englanti"
"20",1,"4","Englanti"
"21",1,"4","Englanti"
"22",1,"2","Englanti"
"23",1,"5","Englanti"
"24",1,"3","Englanti"
"25",1,"2","Englanti"
"26",1,"4","Englanti"
"27",1,"2","Englanti"
"28",1,"4","Englanti"
"29",1,"2","Englanti"
"30",1,"4","Englanti"
"31",1,"4","Englanti"
"32",1,"5","Englanti"
"33",1,"2","Englanti"
"34",1,"2","Englanti"
"35",1,"1","Englanti"
"36",1,"2","Englanti"
"37",1,"4","Englanti"
"38",1,"3","Englanti"
"39",1,"2","Englanti"
"40",1,"5","Englanti"
"41",1,"5","Englanti"
"42",1,"5","Englanti"
"43",1,"4","Englanti"
"44",1,"2","Englanti"
"45",1,"5","Englanti"
"46",1,"2","Englanti"
"47",1,"3","Englanti"
"48",1,"4","Englanti"
"49",1,"4","Englanti"
"50",1,"5","Englanti"
"51",1,"3","Englanti"
"52",1,"4","Englanti"
"53",1,"4","Englanti"
"54",1,"3","Englanti"
"55",1,"4","Englanti"
"56",1,"3","Englanti"
"57",1,"3","Englanti"
"58",1,"5","Englanti"
"59",1,"3","Englanti"
"60",1,"5","Englanti"
"61",1,"4","Englanti"
"62",1,"4","Englanti"
"63",1,"4","Englanti"
"64",1,"5","Englanti"
"65",1,"4","Englanti"
"66",1,"3","Englanti"
"67",1,"4","Englanti"
"68",1,"4","Englanti"
"69",1,"4","Englanti"
"70",1,"2","Englanti"
"71",1,"2","Englanti"
"72",1,"3","Englanti"
"73",1,"3","Englanti"
"74",1,"2","Englanti"
"75",1,"3","Englanti"
"76",1,"4","Englanti"
"77",1,"4","Englanti"
"78",1,"2","Englanti"
"79",1,"4","Englanti"
"80",1,"5","Englanti"
"81",1,"3","Englanti"
"82",1,"4","Englanti"
"83",1,"3","Englanti"
"84",1,"2","Englanti"
"85",1,"4","Englanti"
"86",1,"2","Englanti"
"87",1,"3","Englanti"
"88",1,"3","Englanti"
"89",1,"3","Englanti"
"90",1,"2","Englanti"
"91",1,"4","Englanti"
"92",1,"2","Englanti"
"93",1,"4","Englanti"
"94",1,"3","Englanti"
"95",1,"4","Englanti"
"96",1,"4","Englanti"
"97",1,"3","Englanti"
"98",1,"4","Englanti"
"99",1,"5","Englanti"
"100",1,"2","Englanti"
"101",1,"5","Englanti"
"102",1,"2","Englanti"
"103",1,"2","Englanti"
"104",1,"2","Englanti"
"105",1,"2","Englanti"
"106",2,"3","Ruotsi"
"107",2,"5","Ruotsi"
"108",2,"3","Ruotsi"
"109",2,"5","Ruotsi"
"110",2,"4","Ruotsi"
"111",2,"2","Ruotsi"
"112",2,"2","Ruotsi"
"113",2,"2","Ruotsi"
"114",2,"5","Ruotsi"
"115",2,"4","Ruotsi"
"116",2,"5","Ruotsi"
"117",2,"4","Ruotsi"
"118",2,"3","Ruotsi"
"119",2,"2","Ruotsi"
"120",2,"4","Ruotsi"
"121",2,"2","Ruotsi"
"122",2,"4","Ruotsi"
"123",2,"2","Ruotsi"
"124",2,"2","Ruotsi"
"125",2,"4","Ruotsi"
"126",2,"5","Ruotsi"
"127",2,"5","Ruotsi"
"128",2,"2","Ruotsi"
"129",2,"5","Ruotsi"
"130",2,"2","Ruotsi"
"131",2,"4","Ruotsi"
"132",2,"5","Ruotsi"
"133",2,"3","Ruotsi"
"134",2,"4","Ruotsi"
"135",2,"3","Ruotsi"
"136",2,"3","Ruotsi"
"137",2,"3","Ruotsi"
"138",2,"5","Ruotsi"
"139",2,"1","Ruotsi"
"140",2,"2","Ruotsi"
"141",2,"4","Ruotsi"
"142",2,"4","Ruotsi"
"143",2,"4","Ruotsi"
"144",2,"3","Ruotsi"
"145",2,"3","Ruotsi"
"146",2,"2","Ruotsi"
"147",2,"2","Ruotsi"
"148",2,"3","Ruotsi"
"149",2,"2","Ruotsi"
"150",2,"3","Ruotsi"
"151",2,"4","Ruotsi"
"152",2,"2","Ruotsi"
"153",2,"5","Ruotsi"
"154",2,"3","Ruotsi"
"155",2,"3","Ruotsi"
"156",2,"3","Ruotsi"
"157",2,"2","Ruotsi"
"158",19,"3","Suomi 2. kiel."
"159",19,"2","Suomi 2. kiel."
"160",19,"2","Suomi 2. kiel."
"161",19,"2","Suomi 2. kiel."
"162",19,"4","Suomi 2. kiel."
"163",19,"3","Suomi 2. kiel."
"164",19,"3","Suomi 2. kiel."
"165",19,"4","Suomi 2. kiel."
"166",19,"3","Suomi 2. kiel."
"167",19,"4","Suomi 2. kiel."
"168",19,"4","Suomi 2. kiel."
"169",19,"2","Suomi 2. kiel."
"170",19,"3","Suomi 2. kiel."
"171",19,"2","Suomi 2. kiel."
"172",19,"5","Suomi 2. kiel."
"173",19,"4","Suomi 2. kiel."
"174",19,"4","Suomi 2. kiel."
"175",19,"5","Suomi 2. kiel."
"176",19,"2","Suomi 2. kiel."
"177",19,"2","Suomi 2. kiel."
"178",19,"4","Suomi 2. kiel."
"179",19,"2","Suomi 2. kiel."
"180",3,"5","Muu kieli"
"181",3,"2","Muu kieli"
"182",3,"5","Muu kieli"
"183",3,"5","Muu kieli"
"184",3,"5","Muu kieli"
"185",3,"4","Muu kieli"
"186",3,"3","Muu kieli"
"187",3,"4","Muu kieli"
"188",3,"3","Muu kieli"
"189",3,"5","Muu kieli"
"190",3,"2","Muu kieli"
"191",3,"1","Muu kieli"
"192",3,"3","Muu kieli"
"193",3,"5","Muu kieli"
"194",3,"4","Muu kieli"
"195",3,"2","Muu kieli"
"196",3,"4","Muu kieli"
"197",3,"4","Muu kieli"
"198",3,"4","Muu kieli"
"199",3,"3","Muu kieli"
"200",3,"3","Muu kieli"
"201",3,"5","Muu kieli"
"202",3,"2","Muu kieli"
"203",3,"4","Muu kieli"
"204",3,"4","Muu kieli"
"205",3,"3","Muu kieli"
"206",3,"2","Muu kieli"
"207",3,"2","Muu kieli"
"208",3,"2","Muu kieli"
"209",3,"3","Muu kieli"
"210",3,"4","Muu kieli"
"211",3,"4","Muu kieli"
"212",3,"4","Muu kieli"
"213",3,"3","Muu kieli"
"214",3,"3","Muu kieli"
"215",3,"2","Muu kieli"
"216",3,"3","Muu kieli"
"217",3,"2","Muu kieli"
"218",3,"2","Muu kieli"
"219",3,"4","Muu kieli"
"220",3,"3","Muu kieli"
"221",3,"3","Muu kieli"
"222",3,"4","Muu kieli"
"223",3,"3","Muu kieli"
"224",3,"3","Muu kieli"
"225",3,"4","Muu kieli"
"226",3,"5","Muu kieli"
"227",3,"5","Muu kieli"
"228",3,"2","Muu kieli"
"229",3,"2","Muu kieli"
"230",3,"2","Muu kieli"
"231",3,"4","Muu kieli"
"232",4,"5","Matematiikka"
"233",4,"2","Matematiikka"
"234",4,"2","Matematiikka"
"235",4,"5","Matematiikka"
"236",4,"2","Matematiikka"
"237",4,"3","Matematiikka"
"238",4,"4","Matematiikka"
"239",4,"2","Matematiikka"
"240",4,"4","Matematiikka"
"241",4,"4","Matematiikka"
"242",4,"2","Matematiikka"
"243",4,"5","Matematiikka"
"244",4,"2","Matematiikka"
"245",4,"3","Matematiikka"
"246",4,"4","Matematiikka"
"247",4,"2","Matematiikka"
"248",4,"2","Matematiikka"
"249",4,"2","Matematiikka"
"250",4,"2","Matematiikka"
"251",4,"2","Matematiikka"
"252",4,"1","Matematiikka"
"253",4,"5","Matematiikka"
"254",4,"4","Matematiikka"
"255",4,"3","Matematiikka"
"256",4,"3","Matematiikka"
"257",4,"2","Matematiikka"
"258",4,"4","Matematiikka"
"259",4,"4","Matematiikka"
"260",4,"2","Matematiikka"
"261",4,"2","Matematiikka"
"262",4,"5","Matematiikka"
"263",4,"3","Matematiikka"
"264",4,"5","Matematiikka"
"265",4,"3","Matematiikka"
"266",4,"5","Matematiikka"
"267",4,"2","Matematiikka"
"268",4,"4","Matematiikka"
"269",4,"4","Matematiikka"
"270",4,"5","Matematiikka"
"271",4,"2","Matematiikka"
"272",4,"1","Matematiikka"
"273",4,"2","Matematiikka"
"274",4,"2","Matematiikka"
"275",4,"3","Matematiikka"
"276",4,"2","Matematiikka"
"277",4,"4","Matematiikka"
"278",4,"3","Matematiikka"
"279",4,"2","Matematiikka"
"280",4,"3","Matematiikka"
"281",4,"3","Matematiikka"
"282",4,"5","Matematiikka"
"283",4,"4","Matematiikka"
"284",4,"3","Matematiikka"
"285",4,"3","Matematiikka"
"286",4,"4","Matematiikka"
"287",4,"2","Matematiikka"
"288",4,"4","Matematiikka"
"289",4,"5","Matematiikka"
"290",4,"2","Matematiikka"
"291",4,"2","Matematiikka"
"292",4,"3","Matematiikka"
"293",4,"3","Matematiikka"
"294",4,"5","Matematiikka"
"295",4,"2","Matematiikka"
"296",4,"4","Matematiikka"
"297",4,"4","Matematiikka"
"298",4,"2","Matematiikka"
"299",4,"3","Matematiikka"
"300",4,"3","Matematiikka"
"301",4,"2","Matematiikka"
"302",4,"2","Matematiikka"
"303",4,"2","Matematiikka"
"304",4,"4","Matematiikka"
"305",4,"2","Matematiikka"
"306",4,"4","Matematiikka"
"307",4,"2","Matematiikka"
"308",4,"4","Matematiikka"
"309",4,"2","Matematiikka"
"310",4,"3","Matematiikka"
"311",4,"4","Matematiikka"
"312",4,"4","Matematiikka"
"313",4,"2","Matematiikka"
"314",4,"2","Matematiikka"
"315",4,"1","Matematiikka"
"316",4,"2","Matematiikka"
"317",4,"2","Matematiikka"
"318",4,"4","Matematiikka"
"319",4,"4","Matematiikka"
"320",4,"3","Matematiikka"
"321",4,"2","Matematiikka"
"322",4,"2","Matematiikka"
"323",4,"2","Matematiikka"
"324",4,"2","Matematiikka"
"325",4,"5","Matematiikka"
"326",4,"4","Matematiikka"
"327",4,"2","Matematiikka"
"328",4,"4","Matematiikka"
"329",4,"2","Matematiikka"
"330",4,"2","Matematiikka"
"331",4,"3","Matematiikka"
"332",4,"3","Matematiikka"
"333",4,"1","Matematiikka"
"334",4,"3","Matematiikka"
"335",4,"4","Matematiikka"
"336",4,"2","Matematiikka"
"337",4,"2","Matematiikka"
"338",4,"2","Matematiikka"
"339",4,"3","Matematiikka"
"340",4,"4","Matematiikka"
"341",4,"3","Matematiikka"
"342",4,"3","Matematiikka"
"343",4,"4","Matematiikka"
"344",4,"4","Matematiikka"
"345",4,"4","Matematiikka"
"346",4,"2","Matematiikka"
"347",4,"4","Matematiikka"
"348",4,"1","Matematiikka"
"349",4,"2","Matematiikka"
"350",4,"2","Matematiikka"
"351",4,"3","Matematiikka"
"352",4,"3","Matematiikka"
"353",4,"4","Matematiikka"
"354",4,"5","Matematiikka"
"355",4,"4","Matematiikka"
"356",4,"4","Matematiikka"
"357",4,"2","Matematiikka"
"358",4,"3","Matematiikka"
"359",4,"3","Matematiikka"
"360",4,"2","Matematiikka"
"361",4,"4","Matematiikka"
"362",4,"5","Matematiikka"
"363",4,"3","Matematiikka"
"364",4,"2","Matematiikka"
"365",4,"4","Matematiikka"
"366",4,"4","Matematiikka"
"367",4,"2","Matematiikka"
"368",4,"2","Matematiikka"
"369",4,"4","Matematiikka"
"370",4,"3","Matematiikka"
"371",4,"2","Matematiikka"
"372",4,"2","Matematiikka"
"373",4,"2","Matematiikka"
"374",4,"4","Matematiikka"
"375",4,"3","Matematiikka"
"376",4,"3","Matematiikka"
"377",4,"2","Matematiikka"
"378",4,"2","Matematiikka"
"379",4,"5","Matematiikka"
"380",4,"3","Matematiikka"
"381",4,"4","Matematiikka"
"382",4,"2","Matematiikka"
"383",4,"2","Matematiikka"
"384",4,"3","Matematiikka"
"385",4,"3","Matematiikka"
"386",4,"2","Matematiikka"
"387",4,"4","Matematiikka"
"388",4,"3","Matematiikka"
"389",4,"4","Matematiikka"
"390",4,"4","Matematiikka"
"391",4,"5","Matematiikka"
"392",4,"4","Matematiikka"
"393",4,"4","Matematiikka"
"394",4,"4","Matematiikka"
"395",4,"5","Matematiikka"
"396",4,"4","Matematiikka"
"397",4,"5","Matematiikka"
"398",4,"2","Matematiikka"
"399",5,"5","Biologia"
"400",5,"2","Biologia"
"401",5,"5","Biologia"
"402",5,"3","Biologia"
"403",5,"2","Biologia"
"404",5,"3","Biologia"
"405",5,"2","Biologia"
"406",5,"2","Biologia"
"407",5,"4","Biologia"
"408",5,"2","Biologia"
"409",5,"3","Biologia"
"410",5,"3","Biologia"
"411",5,"5","Biologia"
"412",5,"2","Biologia"
"413",5,"2","Biologia"
"414",5,"2","Biologia"
"415",5,"3","Biologia"
"416",5,"5","Biologia"
"417",5,"4","Biologia"
"418",5,"4","Biologia"
"419",5,"2","Biologia"
"420",5,"2","Biologia"
"421",5,"3","Biologia"
"422",5,"1","Biologia"
"423",5,"3","Biologia"
"424",5,"4","Biologia"
"425",5,"2","Biologia"
"426",5,"2","Biologia"
"427",5,"2","Biologia"
"428",5,"5","Biologia"
"429",5,"2","Biologia"
"430",5,"4","Biologia"
"431",5,"3","Biologia"
"432",5,"2","Biologia"
"433",5,"4","Biologia"
"434",5,"5","Biologia"
"435",5,"3","Biologia"
"436",5,"4","Biologia"
"437",5,"4","Biologia"
"438",5,"4","Biologia"
"439",5,"2","Biologia"
"440",5,"3","Biologia"
"441",5,"5","Biologia"
"442",5,"5","Biologia"
"443",5,"2","Biologia"
"444",5,"4","Biologia"
"445",5,"2","Biologia"
"446",5,"4","Biologia"
"447",5,"3","Biologia"
"448",5,"4","Biologia"
"449",5,"4","Biologia"
"450",5,"4","Biologia"
"451",5,"5","Biologia"
"452",5,"5","Biologia"
"453",6,"5","Maantieto"
"454",6,"2","Maantieto"
"455",6,"5","Maantieto"
"456",6,"3","Maantieto"
"457",6,"2","Maantieto"
"458",6,"3","Maantieto"
"459",6,"5","Maantieto"
"460",6,"2","Maantieto"
"461",6,"2","Maantieto"
"462",6,"4","Maantieto"
"463",6,"2","Maantieto"
"464",6,"4","Maantieto"
"465",6,"3","Maantieto"
"466",6,"3","Maantieto"
"467",6,"5","Maantieto"
"468",6,"2","Maantieto"
"469",6,"2","Maantieto"
"470",6,"2","Maantieto"
"471",6,"3","Maantieto"
"472",6,"5","Maantieto"
"473",6,"4","Maantieto"
"474",6,"4","Maantieto"
"475",6,"2","Maantieto"
"476",6,"2","Maantieto"
"477",6,"2","Maantieto"
"478",6,"3","Maantieto"
"479",6,"1","Maantieto"
"480",6,"3","Maantieto"
"481",6,"4","Maantieto"
"482",6,"2","Maantieto"
"483",6,"2","Maantieto"
"484",6,"5","Maantieto"
"485",6,"2","Maantieto"
"486",6,"4","Maantieto"
"487",6,"4","Maantieto"
"488",6,"3","Maantieto"
"489",6,"2","Maantieto"
"490",6,"4","Maantieto"
"491",6,"5","Maantieto"
"492",6,"3","Maantieto"
"493",6,"4","Maantieto"
"494",6,"4","Maantieto"
"495",6,"4","Maantieto"
"496",6,"2","Maantieto"
"497",6,"3","Maantieto"
"498",6,"5","Maantieto"
"499",6,"5","Maantieto"
"500",6,"2","Maantieto"
"501",6,"4","Maantieto"
"502",6,"2","Maantieto"
"503",6,"2","Maantieto"
"504",6,"4","Maantieto"
"505",6,"3","Maantieto"
"506",6,"4","Maantieto"
"507",6,"4","Maantieto"
"508",6,"4","Maantieto"
"509",6,"5","Maantieto"
"510",7,"5","Fysiikka"
"511",7,"5","Fysiikka"
"512",7,"3","Fysiikka"
"513",7,"2","Fysiikka"
"514",7,"3","Fysiikka"
"515",7,"4","Fysiikka"
"516",7,"4","Fysiikka"
"517",7,"2","Fysiikka"
"518",7,"2","Fysiikka"
"519",7,"4","Fysiikka"
"520",7,"2","Fysiikka"
"521",7,"5","Fysiikka"
"522",7,"2","Fysiikka"
"523",7,"2","Fysiikka"
"524",7,"2","Fysiikka"
"525",7,"2","Fysiikka"
"526",7,"1","Fysiikka"
"527",7,"4","Fysiikka"
"528",7,"3","Fysiikka"
"529",7,"4","Fysiikka"
"530",7,"2","Fysiikka"
"531",7,"5","Fysiikka"
"532",7,"5","Fysiikka"
"533",7,"5","Fysiikka"
"534",7,"4","Fysiikka"
"535",7,"4","Fysiikka"
"536",7,"2","Fysiikka"
"537",7,"2","Fysiikka"
"538",7,"3","Fysiikka"
"539",7,"4","Fysiikka"
"540",7,"5","Fysiikka"
"541",7,"2","Fysiikka"
"542",7,"3","Fysiikka"
"543",7,"4","Fysiikka"
"544",7,"3","Fysiikka"
"545",7,"4","Fysiikka"
"546",7,"2","Fysiikka"
"547",7,"4","Fysiikka"
"548",7,"5","Fysiikka"
"549",7,"2","Fysiikka"
"550",7,"2","Fysiikka"
"551",7,"3","Fysiikka"
"552",7,"2","Fysiikka"
"553",7,"2","Fysiikka"
"554",7,"3","Fysiikka"
"555",7,"3","Fysiikka"
"556",7,"2","Fysiikka"
"557",7,"2","Fysiikka"
"558",7,"4","Fysiikka"
"559",7,"2","Fysiikka"
"560",7,"2","Fysiikka"
"561",7,"4","Fysiikka"
"562",7,"2","Fysiikka"
"563",7,"3","Fysiikka"
"564",7,"4","Fysiikka"
"565",7,"4","Fysiikka"
"566",7,"2","Fysiikka"
"567",7,"2","Fysiikka"
"568",7,"1","Fysiikka"
"569",7,"2","Fysiikka"
"570",7,"3","Fysiikka"
"571",7,"2","Fysiikka"
"572",7,"4","Fysiikka"
"573",7,"4","Fysiikka"
"574",7,"3","Fysiikka"
"575",7,"2","Fysiikka"
"576",7,"2","Fysiikka"
"577",7,"2","Fysiikka"
"578",7,"2","Fysiikka"
"579",7,"5","Fysiikka"
"580",7,"4","Fysiikka"
"581",7,"4","Fysiikka"
"582",7,"2","Fysiikka"
"583",7,"2","Fysiikka"
"584",7,"3","Fysiikka"
"585",7,"3","Fysiikka"
"586",7,"1","Fysiikka"
"587",7,"3","Fysiikka"
"588",7,"4","Fysiikka"
"589",7,"2","Fysiikka"
"590",7,"4","Fysiikka"
"591",7,"3","Fysiikka"
"592",7,"3","Fysiikka"
"593",7,"4","Fysiikka"
"594",7,"4","Fysiikka"
"595",7,"4","Fysiikka"
"596",7,"4","Fysiikka"
"597",7,"1","Fysiikka"
"598",7,"4","Fysiikka"
"599",7,"5","Fysiikka"
"600",7,"4","Fysiikka"
"601",7,"2","Fysiikka"
"602",7,"3","Fysiikka"
"603",7,"2","Fysiikka"
"604",7,"4","Fysiikka"
"605",7,"5","Fysiikka"
"606",7,"3","Fysiikka"
"607",7,"2","Fysiikka"
"608",7,"4","Fysiikka"
"609",7,"4","Fysiikka"
"610",7,"2","Fysiikka"
"611",7,"2","Fysiikka"
"612",7,"4","Fysiikka"
"613",7,"3","Fysiikka"
"614",7,"2","Fysiikka"
"615",7,"2","Fysiikka"
"616",7,"2","Fysiikka"
"617",7,"3","Fysiikka"
"618",7,"3","Fysiikka"
"619",7,"2","Fysiikka"
"620",7,"4","Fysiikka"
"621",7,"2","Fysiikka"
"622",7,"3","Fysiikka"
"623",7,"3","Fysiikka"
"624",7,"3","Fysiikka"
"625",7,"4","Fysiikka"
"626",7,"5","Fysiikka"
"627",7,"4","Fysiikka"
"628",7,"5","Fysiikka"
"629",7,"3","Fysiikka"
"630",7,"4","Fysiikka"
"631",7,"2","Fysiikka"
"632",8,"5","Kemia"
"633",8,"3","Kemia"
"634",8,"2","Kemia"
"635",8,"3","Kemia"
"636",8,"4","Kemia"
"637",8,"2","Kemia"
"638",8,"4","Kemia"
"639",8,"2","Kemia"
"640",8,"2","Kemia"
"641",8,"4","Kemia"
"642",8,"5","Kemia"
"643",8,"2","Kemia"
"644",8,"2","Kemia"
"645",8,"2","Kemia"
"646",8,"1","Kemia"
"647",8,"4","Kemia"
"648",8,"2","Kemia"
"649",8,"3","Kemia"
"650",8,"4","Kemia"
"651",8,"2","Kemia"
"652",8,"5","Kemia"
"653",8,"5","Kemia"
"654",8,"5","Kemia"
"655",8,"4","Kemia"
"656",8,"4","Kemia"
"657",8,"2","Kemia"
"658",8,"2","Kemia"
"659",8,"3","Kemia"
"660",8,"4","Kemia"
"661",8,"5","Kemia"
"662",8,"3","Kemia"
"663",8,"2","Kemia"
"664",8,"3","Kemia"
"665",8,"4","Kemia"
"666",8,"3","Kemia"
"667",8,"4","Kemia"
"668",8,"2","Kemia"
"669",8,"5","Kemia"
"670",8,"2","Kemia"
"671",8,"2","Kemia"
"672",8,"3","Kemia"
"673",8,"2","Kemia"
"674",8,"4","Kemia"
"675",8,"2","Kemia"
"676",8,"3","Kemia"
"677",8,"3","Kemia"
"678",8,"2","Kemia"
"679",8,"2","Kemia"
"680",8,"4","Kemia"
"681",8,"2","Kemia"
"682",8,"4","Kemia"
"683",8,"2","Kemia"
"684",8,"4","Kemia"
"685",8,"4","Kemia"
"686",8,"2","Kemia"
"687",8,"2","Kemia"
"688",8,"2","Kemia"
"689",8,"1","Kemia"
"690",8,"2","Kemia"
"691",8,"2","Kemia"
"692",8,"3","Kemia"
"693",8,"2","Kemia"
"694",8,"4","Kemia"
"695",8,"3","Kemia"
"696",8,"2","Kemia"
"697",8,"2","Kemia"
"698",8,"2","Kemia"
"699",8,"2","Kemia"
"700",8,"5","Kemia"
"701",8,"4","Kemia"
"702",8,"4","Kemia"
"703",8,"2","Kemia"
"704",8,"2","Kemia"
"705",8,"3","Kemia"
"706",8,"1","Kemia"
"707",8,"3","Kemia"
"708",8,"4","Kemia"
"709",8,"2","Kemia"
"710",8,"4","Kemia"
"711",8,"3","Kemia"
"712",8,"3","Kemia"
"713",8,"4","Kemia"
"714",8,"4","Kemia"
"715",8,"4","Kemia"
"716",8,"4","Kemia"
"717",8,"1","Kemia"
"718",8,"2","Kemia"
"719",8,"3","Kemia"
"720",8,"4","Kemia"
"721",8,"5","Kemia"
"722",8,"4","Kemia"
"723",8,"2","Kemia"
"724",8,"3","Kemia"
"725",8,"2","Kemia"
"726",8,"4","Kemia"
"727",8,"5","Kemia"
"728",8,"2","Kemia"
"729",8,"3","Kemia"
"730",8,"4","Kemia"
"731",8,"4","Kemia"
"732",8,"2","Kemia"
"733",8,"2","Kemia"
"734",8,"3","Kemia"
"735",8,"2","Kemia"
"736",8,"2","Kemia"
"737",8,"4","Kemia"
"738",8,"3","Kemia"
"739",8,"2","Kemia"
"740",8,"4","Kemia"
"741",8,"2","Kemia"
"742",8,"3","Kemia"
"743",8,"3","Kemia"
"744",8,"4","Kemia"
"745",8,"3","Kemia"
"746",8,"4","Kemia"
"747",8,"4","Kemia"
"748",8,"4","Kemia"
"749",8,"4","Kemia"
"750",8,"5","Kemia"
"751",8,"3","Kemia"
"752",8,"4","Kemia"
"753",8,"2","Kemia"
"754",9,"5","Terveystieto"
"755",9,"3","Terveystieto"
"756",9,"4","Terveystieto"
"757",9,"2","Terveystieto"
"758",9,"2","Terveystieto"
"759",9,"2","Terveystieto"
"760",9,"2","Terveystieto"
"761",9,"2","Terveystieto"
"762",9,"2","Terveystieto"
"763",9,"3","Terveystieto"
"764",9,"4","Terveystieto"
"765",9,"4","Terveystieto"
"766",9,"4","Terveystieto"
"767",9,"3","Terveystieto"
"768",9,"3","Terveystieto"
"769",9,"5","Terveystieto"
"770",9,"2","Terveystieto"
"771",9,"5","Terveystieto"
"772",9,"3","Terveystieto"
"773",9,"4","Terveystieto"
"774",9,"2","Terveystieto"
"775",9,"5","Terveystieto"
"776",9,"5","Terveystieto"
"777",9,"3","Terveystieto"
"778",9,"3","Terveystieto"
"779",9,"4","Terveystieto"
"780",9,"5","Terveystieto"
"781",9,"2","Terveystieto"
"782",9,"4","Terveystieto"
"783",9,"3","Terveystieto"
"784",9,"2","Terveystieto"
"785",9,"3","Terveystieto"
"786",9,"5","Terveystieto"
"787",9,"4","Terveystieto"
"788",9,"2","Terveystieto"
"789",9,"4","Terveystieto"
"790",9,"3","Terveystieto"
"791",9,"5","Terveystieto"
"792",9,"5","Terveystieto"
"793",9,"2","Terveystieto"
"794",9,"4","Terveystieto"
"795",9,"3","Terveystieto"
"796",9,"4","Terveystieto"
"797",9,"2","Terveystieto"
"798",9,"5","Terveystieto"
"799",9,"2","Terveystieto"
"800",9,"2","Terveystieto"
"801",9,"4","Terveystieto"
"802",9,"2","Terveystieto"
"803",9,"3","Terveystieto"
"804",9,"3","Terveystieto"
"805",9,"4","Terveystieto"
"806",9,"2","Terveystieto"
"807",9,"4","Terveystieto"
"808",9,"3","Terveystieto"
"809",9,"5","Terveystieto"
"810",9,"3","Terveystieto"
"811",9,"2","Terveystieto"
"812",9,"4","Terveystieto"
"813",9,"2","Terveystieto"
"814",9,"4","Terveystieto"
"815",9,"2","Terveystieto"
"816",9,"2","Terveystieto"
"817",9,"5","Terveystieto"
"818",9,"3","Terveystieto"
"819",9,"4","Terveystieto"
"820",9,"2","Terveystieto"
"821",9,"2","Terveystieto"
"822",9,"4","Terveystieto"
"823",9,"5","Terveystieto"
"824",9,"5","Terveystieto"
"825",9,"4","Terveystieto"
"826",9,"4","Terveystieto"
"827",9,"5","Terveystieto"
"828",9,"3","Terveystieto"
"829",10,"2","Uskonto tai ET"
"830",10,"4","Uskonto tai ET"
"831",10,"5","Uskonto tai ET"
"832",10,"5","Uskonto tai ET"
"833",10,"3","Uskonto tai ET"
"834",10,"5","Uskonto tai ET"
"835",10,"5","Uskonto tai ET"
"836",10,"2","Uskonto tai ET"
"837",10,"5","Uskonto tai ET"
"838",10,"2","Uskonto tai ET"
"839",10,"4","Uskonto tai ET"
"840",10,"2","Uskonto tai ET"
"841",10,"3","Uskonto tai ET"
"842",10,"3","Uskonto tai ET"
"843",10,"2","Uskonto tai ET"
"844",10,"5","Uskonto tai ET"
"845",10,"5","Uskonto tai ET"
"846",10,"5","Uskonto tai ET"
"847",10,"3","Uskonto tai ET"
"848",10,"2","Uskonto tai ET"
"849",10,"4","Uskonto tai ET"
"850",10,"3","Uskonto tai ET"
"851",10,"4","Uskonto tai ET"
"852",10,"4","Uskonto tai ET"
"853",10,"4","Uskonto tai ET"
"854",10,"3","Uskonto tai ET"
"855",10,"3","Uskonto tai ET"
"856",10,"3","Uskonto tai ET"
"857",10,"5","Uskonto tai ET"
"858",10,"4","Uskonto tai ET"
"859",10,"4","Uskonto tai ET"
"860",10,"3","Uskonto tai ET"
"861",10,"3","Uskonto tai ET"
"862",10,"2","Uskonto tai ET"
"863",10,"5","Uskonto tai ET"
"864",10,"2","Uskonto tai ET"
"865",10,"2","Uskonto tai ET"
"866",10,"4","Uskonto tai ET"
"867",10,"4","Uskonto tai ET"
"868",10,"2","Uskonto tai ET"
"869",10,"3","Uskonto tai ET"
"870",10,"3","Uskonto tai ET"
"871",10,"5","Uskonto tai ET"
"872",10,"3","Uskonto tai ET"
"873",10,"2","Uskonto tai ET"
"874",10,"2","Uskonto tai ET"
"875",10,"3","Uskonto tai ET"
"876",10,"5","Uskonto tai ET"
"877",10,"5","Uskonto tai ET"
"878",10,"4","Uskonto tai ET"
"879",10,"4","Uskonto tai ET"
"880",10,"3","Uskonto tai ET"
"881",10,"4","Uskonto tai ET"
"882",10,"5","Uskonto tai ET"
"883",10,"3","Uskonto tai ET"
"884",10,"5","Uskonto tai ET"
"885",10,"2","Uskonto tai ET"
"886",10,"5","Uskonto tai ET"
"887",10,"4","Uskonto tai ET"
"888",10,"4","Uskonto tai ET"
"889",10,"3","Uskonto tai ET"
"890",10,"3","Uskonto tai ET"
"891",10,"5","Uskonto tai ET"
"892",10,"4","Uskonto tai ET"
"893",11,"4","Historia"
"894",11,"5","Historia"
"895",11,"5","Historia"
"896",11,"5","Historia"
"897",11,"5","Historia"
"898",11,"3","Historia"
"899",11,"5","Historia"
"900",11,"2","Historia"
"901",11,"3","Historia"
"902",11,"4","Historia"
"903",11,"5","Historia"
"904",11,"5","Historia"
"905",11,"2","Historia"
"906",11,"5","Historia"
"907",11,"2","Historia"
"908",11,"2","Historia"
"909",11,"5","Historia"
"910",11,"5","Historia"
"911",11,"4","Historia"
"912",11,"2","Historia"
"913",11,"5","Historia"
"914",11,"2","Historia"
"915",11,"5","Historia"
"916",11,"2","Historia"
"917",11,"4","Historia"
"918",11,"5","Historia"
"919",11,"5","Historia"
"920",11,"5","Historia"
"921",11,"5","Historia"
"922",11,"5","Historia"
"923",11,"3","Historia"
"924",11,"2","Historia"
"925",11,"4","Historia"
"926",11,"3","Historia"
"927",11,"5","Historia"
"928",11,"3","Historia"
"929",11,"4","Historia"
"930",11,"5","Historia"
"931",11,"2","Historia"
"932",11,"3","Historia"
"933",11,"3","Historia"
"934",11,"4","Historia"
"935",11,"5","Historia"
"936",11,"4","Historia"
"937",11,"4","Historia"
"938",11,"3","Historia"
"939",11,"2","Historia"
"940",11,"4","Historia"
"941",11,"2","Historia"
"942",11,"4","Historia"
"943",11,"3","Historia"
"944",11,"2","Historia"
"945",11,"2","Historia"
"946",11,"3","Historia"
"947",11,"4","Historia"
"948",11,"3","Historia"
"949",11,"2","Historia"
"950",11,"3","Historia"
"951",11,"5","Historia"
"952",11,"3","Historia"
"953",11,"4","Historia"
"954",11,"5","Historia"
"955",11,"4","Historia"
"956",11,"4","Historia"
"957",11,"3","Historia"
"958",11,"2","Historia"
"959",11,"3","Historia"
"960",11,"4","Historia"
"961",11,"5","Historia"
"962",11,"4","Historia"
"963",11,"5","Historia"
"964",11,"4","Historia"
"965",12,"4","Yhteiskuntaoppi"
"966",12,"5","Yhteiskuntaoppi"
"967",12,"5","Yhteiskuntaoppi"
"968",12,"5","Yhteiskuntaoppi"
"969",12,"5","Yhteiskuntaoppi"
"970",12,"5","Yhteiskuntaoppi"
"971",12,"2","Yhteiskuntaoppi"
"972",12,"3","Yhteiskuntaoppi"
"973",12,"4","Yhteiskuntaoppi"
"974",12,"5","Yhteiskuntaoppi"
"975",12,"5","Yhteiskuntaoppi"
"976",12,"2","Yhteiskuntaoppi"
"977",12,"5","Yhteiskuntaoppi"
"978",12,"2","Yhteiskuntaoppi"
"979",12,"2","Yhteiskuntaoppi"
"980",12,"5","Yhteiskuntaoppi"
"981",12,"5","Yhteiskuntaoppi"
"982",12,"4","Yhteiskuntaoppi"
"983",12,"2","Yhteiskuntaoppi"
"984",12,"2","Yhteiskuntaoppi"
"985",12,"5","Yhteiskuntaoppi"
"986",12,"2","Yhteiskuntaoppi"
"987",12,"4","Yhteiskuntaoppi"
"988",12,"5","Yhteiskuntaoppi"
"989",12,"5","Yhteiskuntaoppi"
"990",12,"5","Yhteiskuntaoppi"
"991",12,"5","Yhteiskuntaoppi"
"992",12,"5","Yhteiskuntaoppi"
"993",12,"4","Yhteiskuntaoppi"
"994",12,"3","Yhteiskuntaoppi"
"995",12,"5","Yhteiskuntaoppi"
"996",12,"3","Yhteiskuntaoppi"
"997",12,"5","Yhteiskuntaoppi"
"998",12,"2","Yhteiskuntaoppi"
"999",12,"3","Yhteiskuntaoppi"
"1000",12,"3","Yhteiskuntaoppi"
"1001",12,"4","Yhteiskuntaoppi"
"1002",12,"4","Yhteiskuntaoppi"
"1003",12,"5","Yhteiskuntaoppi"
"1004",12,"4","Yhteiskuntaoppi"
"1005",12,"4","Yhteiskuntaoppi"
"1006",12,"3","Yhteiskuntaoppi"
"1007",12,"2","Yhteiskuntaoppi"
"1008",12,"2","Yhteiskuntaoppi"
"1009",12,"2","Yhteiskuntaoppi"
"1010",12,"4","Yhteiskuntaoppi"
"1011",12,"3","Yhteiskuntaoppi"
"1012",12,"2","Yhteiskuntaoppi"
"1013",12,"2","Yhteiskuntaoppi"
"1014",12,"4","Yhteiskuntaoppi"
"1015",12,"3","Yhteiskuntaoppi"
"1016",12,"4","Yhteiskuntaoppi"
"1017",12,"3","Yhteiskuntaoppi"
"1018",12,"5","Yhteiskuntaoppi"
"1019",12,"3","Yhteiskuntaoppi"
"1020",12,"5","Yhteiskuntaoppi"
"1021",12,"4","Yhteiskuntaoppi"
"1022",12,"5","Yhteiskuntaoppi"
"1023",12,"4","Yhteiskuntaoppi"
"1024",12,"3","Yhteiskuntaoppi"
"1025",12,"2","Yhteiskuntaoppi"
"1026",12,"3","Yhteiskuntaoppi"
"1027",12,"4","Yhteiskuntaoppi"
"1028",12,"5","Yhteiskuntaoppi"
"1029",12,"4","Yhteiskuntaoppi"
"1030",12,"5","Yhteiskuntaoppi"
"1031",13,"4","Musiikki"
"1032",13,"2","Musiikki"
"1033",13,"5","Musiikki"
"1034",13,"3","Musiikki"
"1035",13,"4","Musiikki"
"1036",13,"2","Musiikki"
"1037",13,"3","Musiikki"
"1038",13,"3","Musiikki"
"1039",13,"3","Musiikki"
"1040",13,"3","Musiikki"
"1041",13,"2","Musiikki"
"1042",13,"4","Musiikki"
"1043",13,"2","Musiikki"
"1044",13,"5","Musiikki"
"1045",13,"2","Musiikki"
"1046",13,"1","Musiikki"
"1047",13,"2","Musiikki"
"1048",13,"4","Musiikki"
"1049",13,"4","Musiikki"
"1050",13,"3","Musiikki"
"1051",14,"2","Kuvataide"
"1052",14,"2","Kuvataide"
"1053",14,"3","Kuvataide"
"1054",14,"3","Kuvataide"
"1055",14,"2","Kuvataide"
"1056",14,"5","Kuvataide"
"1057",14,"4","Kuvataide"
"1058",14,"4","Kuvataide"
"1059",14,"5","Kuvataide"
"1060",14,"5","Kuvataide"
"1061",14,"5","Kuvataide"
"1062",14,"2","Kuvataide"
"1063",14,"5","Kuvataide"
"1064",14,"4","Kuvataide"
"1065",14,"3","Kuvataide"
"1066",14,"5","Kuvataide"
"1067",14,"2","Kuvataide"
"1068",14,"4","Kuvataide"
"1069",14,"3","Kuvataide"
"1070",14,"5","Kuvataide"
"1071",14,"4","Kuvataide"
"1072",14,"3","Kuvataide"
"1073",14,"3","Kuvataide"
"1074",14,"4","Kuvataide"
"1075",14,"2","Kuvataide"
"1076",14,"3","Kuvataide"
"1077",14,"4","Kuvataide"
"1078",14,"2","Kuvataide"
"1079",15,"5","Käsityö"
"1080",15,"3","Käsityö"
"1081",15,"4","Käsityö"
"1082",15,"3","Käsityö"
"1083",15,"3","Käsityö"
"1084",15,"2","Käsityö"
"1085",15,"2","Käsityö"
"1086",15,"4","Käsityö"
"1087",15,"2","Käsityö"
"1088",15,"2","Käsityö"
"1089",15,"4","Käsityö"
"1090",15,"4","Käsityö"
"1091",15,"1","Käsityö"
"1092",15,"4","Käsityö"
"1093",15,"5","Käsityö"
"1094",15,"5","Käsityö"
"1095",15,"2","Käsityö"
"1096",15,"2","Käsityö"
"1097",15,"5","Käsityö"
"1098",15,"4","Käsityö"
"1099",15,"4","Käsityö"
"1100",15,"3","Käsityö"
"1101",15,"4","Käsityö"
"1102",15,"4","Käsityö"
"1103",15,"5","Käsityö"
"1104",15,"4","Käsityö"
"1105",15,"5","Käsityö"
"1106",15,"4","Käsityö"
"1107",15,"4","Käsityö"
"1108",15,"2","Käsityö"
"1109",15,"3","Käsityö"
"1110",15,"2","Käsityö"
"1111",15,"2","Käsityö"
"1112",15,"2","Käsityö"
"1113",15,"2","Käsityö"
"1114",15,"5","Käsityö"
"1115",15,"1","Käsityö"
"1116",15,"2","Käsityö"
"1117",15,"5","Käsityö"
"1118",15,"3","Käsityö"
"1119",15,"2","Käsityö"
"1120",15,"2","Käsityö"
"1121",15,"3","Käsityö"
"1122",15,"4","Käsityö"
"1123",15,"4","Käsityö"
"1124",15,"5","Käsityö"
"1125",15,"3","Käsityö"
"1126",16,"5","Kotitalous"
"1127",16,"4","Kotitalous"
"1128",16,"5","Kotitalous"
"1129",16,"5","Kotitalous"
"1130",16,"2","Kotitalous"
"1131",16,"4","Kotitalous"
"1132",16,"4","Kotitalous"
"1133",16,"4","Kotitalous"
"1134",16,"3","Kotitalous"
"1135",16,"2","Kotitalous"
"1136",16,"4","Kotitalous"
"1137",16,"4","Kotitalous"
"1138",16,"2","Kotitalous"
"1139",16,"5","Kotitalous"
"1140",16,"5","Kotitalous"
"1141",16,"5","Kotitalous"
"1142",16,"4","Kotitalous"
"1143",16,"4","Kotitalous"
"1144",16,"3","Kotitalous"
"1145",16,"4","Kotitalous"
"1146",16,"5","Kotitalous"
"1147",16,"2","Kotitalous"
"1148",16,"2","Kotitalous"
"1149",16,"5","Kotitalous"
"1150",16,"5","Kotitalous"
"1151",16,"5","Kotitalous"
"1152",16,"5","Kotitalous"
"1153",16,"5","Kotitalous"
"1154",16,"5","Kotitalous"
"1155",16,"3","Kotitalous"
"1156",16,"2","Kotitalous"
"1157",16,"5","Kotitalous"
"1158",16,"5","Kotitalous"
"1159",16,"3","Kotitalous"
"1160",16,"4","Kotitalous"
"1161",16,"4","Kotitalous"
"1162",16,"2","Kotitalous"
"1163",16,"2","Kotitalous"
"1164",16,"2","Kotitalous"
"1165",16,"2","Kotitalous"
"1166",16,"2","Kotitalous"
"1167",16,"4","Kotitalous"
"1168",16,"2","Kotitalous"
"1169",16,"3","Kotitalous"
"1170",16,"4","Kotitalous"
"1171",16,"5","Kotitalous"
"1172",16,"3","Kotitalous"
"1173",16,"4","Kotitalous"
"1174",16,"5","Kotitalous"
"1175",16,"4","Kotitalous"
"1176",16,"4","Kotitalous"
"1177",16,"4","Kotitalous"
"1178",16,"4","Kotitalous"
"1179",17,"5","Liikunta"
"1180",17,"2","Liikunta"
"1181",17,"2","Liikunta"
"1182",17,"2","Liikunta"
"1183",17,"3","Liikunta"
"1184",17,"4","Liikunta"
"1185",17,"2","Liikunta"
"1186",17,"3","Liikunta"
"1187",17,"2","Liikunta"
"1188",17,"5","Liikunta"
"1189",17,"3","Liikunta"
"1190",17,"4","Liikunta"
"1191",17,"3","Liikunta"
"1192",17,"4","Liikunta"
"1193",17,"4","Liikunta"
"1194",17,"4","Liikunta"
"1195",17,"3","Liikunta"
"1196",17,"2","Liikunta"
"1197",17,"4","Liikunta"
"1198",17,"2","Liikunta"
"1199",17,"3","Liikunta"
"1200",17,"3","Liikunta"
"1201",17,"2","Liikunta"
"1202",17,"3","Liikunta"
"1203",17,"2","Liikunta"
"1204",17,"4","Liikunta"
"1205",17,"4","Liikunta"
"1206",17,"2","Liikunta"
"1207",17,"5","Liikunta"
"1208",17,"2","Liikunta"
"1209",17,"2","Liikunta"
"1210",17,"1","Liikunta"
"1211",17,"3","Liikunta"
"1212",17,"3","Liikunta"
"1213",17,"2","Liikunta"
"1214",17,"3","Liikunta"
"1215",17,"2","Liikunta"
"1216",17,"2","Liikunta"
"1217",17,"2","Liikunta"
"1218",17,"2","Liikunta"
"1219",17,"3","Liikunta"
"1220",17,"2","Liikunta"
"1221",17,"2","Liikunta"
"1222",17,"2","Liikunta"
"1223",18,"1","Muu aine"
"1224",18,"5","Muu aine"
"1225",18,"3","Muu aine"
"1226",18,"2","Muu aine"
"1227",18,"3","Muu aine"
"1228",18,"4","Muu aine"
"1229",18,"2","Muu aine"
"1230",18,"2","Muu aine"
"1231",18,"3","Muu aine"
"1232",18,"4","Muu aine"
"1233",18,"4","Muu aine"
"1234",18,"5","Muu aine"
"1235",18,"2","Muu aine"
"1236",18,"4","Muu aine"
"1237",18,"1","Muu aine"
"1238",18,"3","Muu aine"
"1239",18,"4","Muu aine"
"1240",18,"4","Muu aine"
"1241",18,"5","Muu aine"
"1242",18,"2","Muu aine"
"1243",18,"2","Muu aine"
"1244",18,"4","Muu aine"
"1245",18,"5","Muu aine"
"1246",18,"4","Muu aine"
"1247",18,"2","Muu aine"
"1248",18,"3","Muu aine"
"1249",18,"4","Muu aine"
"1250",18,"4","Muu aine"
"1251",18,"5","Muu aine"
"1252",18,"3","Muu aine"
"1253",18,"3","Muu aine"
"1254",18,"4","Muu aine"
"1255",18,"5","Muu aine"
"1256",18,"4","Muu aine"
"1257",18,"2","Muu aine"
"1258",18,"2","Muu aine"
"1259",18,"4","Muu aine"
"1260",18,"4","Muu aine"
"1261",18,"2","Muu aine"
"1262",18,"5","Muu aine"
"1263",18,"2","Muu aine"
"1264",18,"2","Muu aine"
"1265",18,"4","Muu aine"
"1266",18,"3","Muu aine"
"1267",18,"4","Muu aine"
"1268",18,"3","Muu aine"
"1269",18,"2","Muu aine"
"1270",18,"2","Muu aine"
"1271",18,"2","Muu aine"
"1272",18,"5","Muu aine"
"1273",18,"4","Muu aine"
"1274",18,"2","Muu aine"
"1275",18,"4","Muu aine"
"1276",18,"2","Muu aine"
"1277",18,"2","Muu aine"
"1278",18,"3","Muu aine"
"1279",18,"3","Muu aine"
"1280",18,"4","Muu aine"
"1281",18,"2","Muu aine"
"1282",18,"4","Muu aine"
"1283",18,"4","Muu aine"
"1284",18,"4","Muu aine"
"1285",18,"1","Muu aine"
"1286",18,"1","Muu aine"
"1287",18,"2","Muu aine"
"1288",18,"3","Muu aine"
"1289",18,"2","Muu aine"
"1290",18,"3","Muu aine"
"1291",18,"3","Muu aine"
"1292",18,"4","Muu aine"
"1293",18,"4","Muu aine"
"1294",18,"3","Muu aine"
"1295",18,"2","Muu aine"
"1296",18,"3","Muu aine"
"1297",18,"2","Muu aine"
"1298",18,"3","Muu aine"
"1299",18,"4","Muu aine"
"1300",18,"3","Muu aine"
"1301",18,"2","Muu aine"
"1302",18,"3","Muu aine"
"1303",18,"4","Muu aine"
"1304",18,"5","Muu aine"
"1305",18,"5","Muu aine"
"1306",18,"4","Muu aine"
"1307",18,"4","Muu aine"
